<?xml version="1.0" encoding="UTF-8"?>
<project-private xmlns="http://www.netbeans.org/ns/project-private/1">
    <editor-bookmarks xmlns="http://www.netbeans.org/ns/editor-bookmarks/2" lastBookmarkId="0"/>
    <open-files xmlns="http://www.netbeans.org/ns/projectui-open-files/2">
        <group>
            <file>file:/C:/Users/user/Documents/NetBeansProjects/Final_Project/src/java/org/netbeans/rest/application/config/ApplicationConfig.java</file>
            <file>file:/C:/Users/user/Documents/NetBeansProjects/Final_Project/src/java/gr/uniwa/book_shop/model/Book.java</file>
            <file>file:/C:/Users/user/Documents/NetBeansProjects/Final_Project/src/java/gr/uniwa/book_shop/service/BookService.java</file>
            <file>file:/C:/Users/user/Documents/NetBeansProjects/Final_Project/src/java/gr/uniwa/book_shop/database/BookDao.java</file>
            <file>file:/C:/Users/user/Documents/NetBeansProjects/Final_Project/web/index.html</file>
            <file>file:/C:/Users/user/Documents/NetBeansProjects/Final_Project/src/java/gr/uniwa/book_shop/service/BookServiceImpl.java</file>
        </group>
    </open-files>
</project-private>
